"ano","nome"
"1950","Linda"
"1950","Robert"
"1950","James"
"1951","John"
"1951","Robert"
"1951","James"
"1952","James"
"1952","Robert"
"1952","John"
"1953","Robert"
"1953","James"
"1953","Michael"
"1954","Michael"
"1954","James"
"1954","Robert"
"1955","Michael"
"1955","David"
"1955","James"
"1956","Robert"
"1956","James"
"1956","Michael"
"1957","Michael"
"1957","James"
"1957","David"
"1958","James"
"1958","David"
"1958","Michael"
"1959","Michael"
"1959","David"
"1959","James"
"1960","James"
"1960","Michael"
"1960","David"
"1961","Michael"
"1961","David"
"1961","John"
"1962","Michael"
"1962","David"
"1962","John"
"1963","David"
"1963","John"
"1963","Michael"
"1964","Michael"
"1964","John"
"1964","David"
"1965","Michael"
"1965","John"
"1965","David"
"1966","James"
"1966","David"
"1966","Michael"
"1967","James"
"1967","David"
"1967","Michael"
"1968","John"
"1968","David"
"1968","Michael"
"1969","James"
"1969","David"
"1969","Michael"
"1970","Michael"
"1970","David"
"1970","James"
"1971","James"
"1971","Jennifer"
"1971","Michael"
"1972","Christopher"
"1972","Jennifer"
"1972","Michael"
"1973","Christopher"
"1973","Jennifer"
"1973","Michael"
"1974","Jason"
"1974","Jennifer"
"1974","Michael"
"1975","Jason"
"1975","Jennifer"
"1975","Michael"
"1976","Michael"
"1976","Jennifer"
"1976","Jason"
"1977","Jason"
"1977","Jennifer"
"1977","Michael"
"1978","Michael"
"1978","Jennifer"
"1978","Jason"
"1979","Christopher"
"1979","Jennifer"
"1979","Michael"
"1980","Christopher"
"1980","Jennifer"
"1980","Michael"
"1981","Christopher"
"1981","Jennifer"
"1981","Michael"
"1982","Jennifer"
"1982","Christopher"
"1982","Michael"
"1983","Michael"
"1983","Christopher"
"1983","Jennifer"
"1984","Jennifer"
"1984","Christopher"
"1984","Michael"
"1985","Michael"
"1985","Christopher"
"1985","Jessica"
"1986","Michael"
"1986","Christopher"
"1986","Jessica"
"1987","Ashley"
"1987","Jessica"
"1987","Michael"
"1988","Jessica"
"1988","Christopher"
"1988","Michael"
"1989","Michael"
"1989","Christopher"
"1989","Jessica"
"1990","Michael"
"1990","Christopher"
"1990","Jessica"
"1991","Ashley"
"1991","Christopher"
"1991","Michael"
"1992","Michael"
"1992","Christopher"
"1992","Ashley"
"1993","Matthew"
"1993","Christopher"
"1993","Michael"
"1994","Michael"
"1994","Christopher"
"1994","Matthew"
"1995","Christopher"
"1995","Matthew"
"1995","Michael"
"1996","Jacob"
"1996","Matthew"
"1996","Michael"
"1997","Michael"
"1997","Jacob"
"1997","Matthew"
"1998","Michael"
"1998","Jacob"
"1998","Matthew"
"1999","Matthew"
"1999","Michael"
"1999","Jacob"
"2000","Matthew"
"2000","Michael"
"2000","Jacob"
"2001","Jacob"
"2001","Michael"
"2001","Matthew"
"2002","Joshua"
"2002","Michael"
"2002","Jacob"
"2003","Emily"
"2003","Michael"
"2003","Jacob"
"2004","Emily"
"2004","Michael"
"2004","Jacob"
"2005","Michael"
"2005","Emily"
"2005","Jacob"
"2006","Joshua"
"2006","Michael"
"2006","Jacob"
"2007","Jacob"
"2007","Michael"
"2007","Ethan"
"2008","Jacob"
"2008","Michael"
"2008","Ethan"
"2009","Ethan"
"2009","Jacob"
"2009","Isabella"
"2010","Isabella"
"2010","Jacob"
"2010","Sophia"
"2011","Isabella"
"2011","Jacob"
"2011","Sophia"
"2012","Sophia"
"2012","Emma"
"2012","Isabella"
"2013","Olivia"
"2013","Emma"
"2013","Sophia"
"2014","Noah"
"2014","Olivia"
"2014","Emma"
